timestamp,simulation_id,task_id,trial,duration,reward,db_match,results_file,sim_index,note
2025-10-05T08:04:58.557817,120778c7-4bce-4f85-bc0a-dbec3ea1e30e,[mobile_data_issue]airplane_mode_on|data_mode_off[PERSONA:None],0,164.0324674149997,1.0,True,2025-10-05T07:52:52.930199_telecom_llm_agent_grok-3_user_simulator_grok-3.json,1,This counts as a success?
2025-10-07T07:55:20.916508,465ff73b-8578-4bff-9508-4cf06e234639,8,0,54.20245609199992,0.0,,2025-10-07T07:44:20.888691_airline_relaxed_llm_agent_grok-4-fast-reasoning_user_simulator_grok-4-fast-reasoning.json,1,Looks like correct outcome was reached. Perhaps missing a tool-call for the calculator?
2025-10-07T09:31:32.936111,48085e79-a65c-443e-9582-4c713a5b17d3,8,0,191.35817668299978,0.0,False,2025-10-06T06:29:29.611973_airline_llm_agent_grok-3-mini_user_simulator_grok-3-mini.json,193,[O[I[O[I[O[I[O[I
2025-10-07T09:35:34.470701,e1f7c375-c3c1-4f2e-952f-b684458acabb,8,3,138.28662580299988,1.0,True,2025-10-06T06:29:29.611973_airline_llm_agent_grok-3-mini_user_simulator_grok-3-mini.json,196,[O[I[O[I[O[I
2025-10-07T09:52:34.127668,48085e79-a65c-443e-9582-4c713a5b17d3,8,0,191.35817668299978,0.0,False,2025-10-06T06:29:29.611973_airline_llm_agent_grok-3-mini_user_simulator_grok-3-mini.json,193,[O[I[O[I[O[I[O[I[O[I[O[I[O[I[O[I[O[I[O[I
2025-10-08T07:43:18.958904,bce93514-63a2-4dee-8c0e-45a331548e51,1,3,54.92541942200023,1.0,True,2025-10-08T06:25:21.012284_airline_llm_agent_grok-3_user_simulator_grok-3.json,8,"AI agent was on-track to give the refund, but got ""saved"" by a hasty user who hung up"
2025-10-08T07:50:10.022493,c506256f-9b38-44ba-bbc1-77aac9f00d6f,1,0,51.141139419999945,0.0,False,2025-10-08T06:25:21.012284_airline_llm_agent_grok-3_user_simulator_grok-3.json,5,[O[I[O[I[O[I[O[I
2025-10-08T09:26:58.993022,d7defca2-ab72-4d09-b3a4-d477c5026e40,1,3,70.53703889099961,0.0,False,2025-10-08T08:51:56.915936_airline_llm_agent_grok-3_user_simulator_grok-3.json,4,[O[I
2025-10-08T10:02:06.281960,2e8d6c12-a95e-4a9c-b562-dc1bbdef0e35,1,6,115.99362901200038,1.0,True,2025-10-08T09:44:39.876047_airline_tighter_policy_llm_agent_grok-4_user_simulator_grok-4.json,7,A little abrupt.
2025-10-08T10:18:13.767506,9e572ebb-e474-483b-9bb6-a6f2ef4d0fc3,1,0,78.83420086399929,1.0,True,2025-10-08T10:14:05.560485_airline_tighter_policy_llm_agent_grok-4_user_simulator_grok-4.json,1,"Huh, haven't seen the user decline to give the reason before... that's a first"
2025-10-10T21:41:56.906487,ee0ceeec-5107-4e48-8d9c-cac65da134ff,1,2,39.450874209000176,1.0,True,2025-10-08T08:49:33.399293_FIX_CANCELATION_EVAL_initial_airline_llm_agent_grok-3_user_simulator_grok-3.json,3,[O[I[O[I
2025-10-10T21:42:17.793253,ee0ceeec-5107-4e48-8d9c-cac65da134ff,1,2,39.450874209000176,1.0,True,2025-10-08T08:49:33.399293_FIX_CANCELATION_EVAL_initial_airline_llm_agent_grok-3_user_simulator_grok-3.json,3,[O[I
2025-10-10T21:42:38.146129,ee0ceeec-5107-4e48-8d9c-cac65da134ff,1,2,39.450874209000176,1.0,True,2025-10-08T08:49:33.399293_FIX_CANCELATION_EVAL_initial_airline_llm_agent_grok-3_user_simulator_grok-3.json,3,[O[I
2025-10-10T21:43:12.894416,ee0ceeec-5107-4e48-8d9c-cac65da134ff,1,2,39.450874209000176,1.0,True,2025-10-08T08:49:33.399293_FIX_CANCELATION_EVAL_initial_airline_llm_agent_grok-3_user_simulator_grok-3.json,3,[O[I
2025-10-12T21:42:41.118001,03fb163d-e66c-464e-88da-18c4adf5bd74,24,0,15.22244589299953,0.0,False,2025-10-06T14:32:19.477033_airline_llm_agent_grok-3_user_simulator_grok-3.json,1,[O[I
